text,true_label,predicted_label,raw_response,correct
If he would drop Dead he would get a better rating just a thought.Let's go Brandon,1,0,non-toxic,False
"Joe Biden FORGETS HE HAS A FULL DIAPER AND…
 Joe Biden said he would be a president who under-promised and over-delivered.
 Bullshite. 
 The nearly 90 year old man over-promised and under-delivered 
 The Biden White House is failing in a very public way to nail down a nearly $3 trillion domestic package that the forgetful “president” has framed as a historic investment in infrastructure and social spending, the moment is clouded by a sense among many democrats that the scaled back package falls far short of the lofty expectations set by the president himself.",1,0,non-toxic,False
"And to think that years ago I liked A. Cooper, he's really an a-hole!",1,0,non-toxic,False
"Jeeze, she’s got some double pink eye going on…she needs to lay off the sh*t play.",1,0,non-toxic,False
"Fuck political correctness. Enough is enough. You don't like the station, change the fucking channel!",1,0,non-toxic,False
